Country,ISO,Raw: CDI,Inc.Adj: CDI,Development Finance Quantity,Development Finance Quantity missing data,Tied Status,Tied Status missing data,Transparency,Transparency missing data,Multilateral Support,Multilateral Support missing data,Country Ownership,Country Ownership missing data,Poverty Focus,Poverty Focus missing data,Fragility Focus,Fragility Focus missing data,Banking Secrecy,Banking Secrecy missing data,Country by Country Reporting,Country by Country Reporting missing data,Public Statistics,Public Statistics missing data,Anti-Money Laundering,Anti-Money Laundering missing data,Automatic Exchange of Information,Automatic Exchange of Information missing data,Bilateral Treaties,Bilateral Treaties missing data,International Legal Cooperation,International Legal Cooperation missing data,Beneficial Ownership,Beneficial Ownership missing data,Business & Human Rights,Business & Human Rights missing data,Natural Resources,Natural Resources missing data,Anti-Corruption,Anti-Corruption missing data,Investment Agreements,Investment Agreements missing data,Corporate Tax Rate Alignment,Corporate Tax Rate Alignment missing data,Migrant inflow,Migrant inflow missing data,Female Immigrants,Female Immigrants missing data,Refugee Hosting,Refugee Hosting missing data,International Migration Agreements,International Migration Agreements missing data,Integration Policies,Integration Policies missing data,Tariff Average,Tariff Average missing data,Tariff Peaks,Tariff Peaks missing data,Agricultural Subsidies,Agricultural Subsidies missing data,Customs,Customs missing data,Infrastructure,Infrastructure missing data,Services Trade Restrictiveness,Services Trade Restrictiveness missing data,Emissions (excluding LULUCF),Emissions (excluding LULUCF) missing data,NDC Ambition,NDC Ambition missing data,Emissions from LULUCF,Emissions from LULUCF missing data,Emissions from Trade,Emissions from Trade missing data,Oil Production,Oil Production missing data,Gas Production,Gas Production missing data,Coal Production,Coal Production missing data,Support to Oil,Support to Oil missing data,Support to Gas,Support to Gas missing data,Support to Coal,Support to Coal missing data,Support to Electricity,Support to Electricity missing data,Carbon Pricing,Carbon Pricing missing data,Fishing Subsidies,Fishing Subsidies missing data,Biodiversity and Environmental Agreements,Biodiversity and Environmental Agreements missing data,Antibiotic Consumption in Humans,Antibiotic Consumption in Humans missing data,Antibiotic Consumption in Livestock Animals,Antibiotic Consumption in Livestock Animals missing data,AMR Governance,AMR Governance missing data,Measles Vaccine (MCV2) Coverage,Measles Vaccine (MCV2) Coverage missing data,"Diphtheria, Tetanus Toxoid, and Pertussis Vaccine (DTP3) Coverage","Diphtheria, Tetanus Toxoid, and Pertussis Vaccine (DTP3) Coverage missing data",Pandemic Preparedness,Pandemic Preparedness missing data,Treaties,Treaties missing data,Duration of Export Restrictions on Food and Health Products,Duration of Export Restrictions on Food and Health Products missing data,Number of Health and Food Products covered by Export Restrictions,Number of Health and Food Products covered by Export Restrictions missing data,Tobacco Supply Chains,Tobacco Supply Chains missing data,Financial Contributions to the UN DPO,Financial Contributions to the UN DPO missing data,Monetary Equivalent Value of UN Troop Contributions,Monetary Equivalent Value of UN Troop Contributions missing data,Monetary Equivalent Value of Non-UN Troop Contributions,Monetary Equivalent Value of Non-UN Troop Contributions missing data,Female Peacekeepers,Female Peacekeepers missing data,Sea Lanes Protection,Sea Lanes Protection missing data,Arms Trade Volume,Arms Trade Volume missing data,Conflict Potential of Arms Exports,Conflict Potential of Arms Exports missing data,International Security Conventions,International Security Conventions missing data,Government Support,Government Support missing data,Tax Incentives,Tax Incentives missing data,Foreign Students,Foreign Students missing data,Female Students,Female Students missing data,Research Collaboration,Research Collaboration missing data,Intellectual Property Rights,Intellectual Property Rights missing data,year
,,,,,,,,,,,,,,,,,,,,,,,,,,,,,,,,,,,,,,,,,,,,,,,,,,,,,,,,,,,,,,,,,,,,,,,,,,,,,,,,,,,,,,,,,,,,,,,,,,,,,,,,,,,,,,,,,,,,,,,,,,,,,,,,,,,,,,,,,,,,,,
Argentina,ARG,0,17.7305442,0.013589464,0,4,0,1.5,0,86.02882006,0,40,1,23.43579682,0,-0.051360391,0,66,0,100,0,40,0,77,0,0,0,0,0,29.5,0,66.66666667,0,3,0,1,0,1,0,14.89361702,0,24.54305344,0,0.167484632,0,64.12695478,0,0.091000121,0,10,0,58,0,3.72963964,0,11.26518243,0,0.179364701,0,2.7,0,2.8,0,0.223376933,1,7.347355697,0,12.41040056,0,0.73554739,0,-0.273667006,0,2.749690506,0,2.096690003,0,0.001147008,0,0.001217754,0,0.00070411,0,8.90481E-05,0,0.003501902,0,0.592096456,0,-0.467601667,0,5.5,0,12.93972603,0,48.53346496,0,10,0,54,0,66,0,2.5,0,5.333333333,0,715.1217391,0,115,0,0,0,0.001482302,0,0.00424447,0,8.53496E-06,0,14.47201466,0,0,0,0.602801017,1,8.220261372,1,8,0,0.337028886,0,-0.002806118,0,5.687588049,0,60.98923539,0,0.083027143,0,55,0,2025
,,,,,,,,,,,,,,,,,,,,,,,,,,,,,,,,,,,,,,,,,,,,,,,,,,,,,,,,,,,,,,,,,,,,,,,,,,,,,,,,,,,,,,,,,,,,,,,,,,,,,,,,,,,,,,,,,,,,,,,,,,,,,,,,,,,,,,,,,,,,,,
Australia,AUS,70.76763103,58.05492341,0.175704656,0,4,0,8,0,21.82808453,0,85.1093482,0,35.7119,0,1.384079,0,20,0,100,0,10,0,38,0,0,0,0,0,0,0,66.66666667,0,4,0,4,0,2,0,29.20792079,0,24.54305344,0,1.561364158,0,52.09228307,0,1.111821817,0,0,0,65,0,0.176531532,0,0,0,2.785929803,0,3.7,0,4.1,0,0.179272727,0,19.23935408,0,28.64431341,0,0.110435528,0,-1.811703324,0,2.324218943,0,12.51904468,0,39.21903507,0,0.004330009,0,6.51655E-05,0,2.9128E-12,0,0.000644823,0,0,0,-2.23462651,0,7.5,0,21.55068493,0,16.25271576,0,28,0,93,0,94,0,3,0,5.333333333,0,0,0,0,0,3.307692308,0,0.008291939,0,0.001087189,0,0.001288031,0,29.74238876,0,0.011345446,0,0.413378667,0,4.768867925,1,9,0,0.401507482,0,0.155133399,0,52.11043129,0,48.27521977,0,0.080512122,0,54,0,2025
,,,,,,,,,,,,,,,,,,,,,,,,,,,,,,,,,,,,,,,,,,,,,,,,,,,,,,,,,,,,,,,,,,,,,,,,,,,,,,,,,,,,,,,,,,,,,,,,,,,,,,,,,,,,,,,,,,,,,,,,,,,,,,,,,,,,,,,,,,,,,,
Austria,AUT,82.80843613,80.66588142,0.271653475,0,3,0,8,0,60.03232031,0,57.59468626,0,37.93686,0,0.7512265,0,30,0,0,0,20,0,31,0,0,0,0,0,14,0,33.33333333,0,3,0,2,0,1,0,17.27272727,0,23,0,3.977138807,0,50.25561895,0,29.15155138,0,0,0,46,0,0.310306122,0,0.548090816,0,11.63264413,0,3.7,0,3.9,0,0.229904762,0,7.660844935,0,34.02685904,0,-0.758514716,0,2.425982162,0,0.386809945,0,0.128935778,0,0,0,0.001034161,0,0.001855656,0,6.67874E-05,0,0.000212783,0,29.51545415,0,0,0,8,0,11.03971761,0,17.1025542,0,20,0,94,0,84,0,0,0,6.333333333,0,556.0909091,0,11,0,5.769230769,0,0.008650263,0,0.011096631,0,0.017153757,0,5.078256953,0,0,0,0.154877993,0,2.55450449,0,9,0,1.075642353,0,0.287216424,0,12.81092061,0,54.18158062,0,0.061473418,0,40,0,2025
,,,,,,,,,,,,,,,,,,,,,,,,,,,,,,,,,,,,,,,,,,,,,,,,,,,,,,,,,,,,,,,,,,,,,,,,,,,,,,,,,,,,,,,,,,,,,,,,,,,,,,,,,,,,,,,,,,,,,,,,,,,,,,,,,,,,,,,,,,,,,,
Belgium,BEL,72.81139034,68.68701162,0.396826018,0,4,0,8,0,64.72262126,0,46.81818182,0,79.25064,0,2.011853,0,17,0,0,0,20,0,26,0,0,0,0,0,17.5,0,33.33333333,0,5,0,4,0,0,0,16.66666667,0,3,0,4.023384197,0,48.97240654,0,14.62932144,0,20,0,69,0,0.310306122,0,0.548090816,0,13.30900038,0,3.9,0,4.1,0,0.2315,0,8.276583355,0,34.02685904,0,0.017090165,0,8.820848823,0,0.323469081,0,0.002387301,0,0,0,0.005699156,0,0.003047415,0,0,0,0.00034903,0,17.23627617,0,1.917249617,0,9,0,20.60170547,0,44.02066422,0,38,0,82,0,98,0,1,0,6.333333333,0,630.1578947,0,19,0,5.538461538,0,0.008293215,0,0.001806948,0,0.002224735,0,5.065234075,0,0.015547575,0,0.394992077,0,4.390752387,0,9,0,0.579646131,0,0.346057429,0,16.07256877,0,58.6488959,0,0.070571019,0,40,0,2025
,,,,,,,,,,,,,,,,,,,,,,,,,,,,,,,,,,,,,,,,,,,,,,,,,,,,,,,,,,,,,,,,,,,,,,,,,,,,,,,,,,,,,,,,,,,,,,,,,,,,,,,,,,,,,,,,,,,,,,,,,,,,,,,,,,,,,,,,,,,,,,
Brazil,BRA,28.65432015,56.69429374,0.015015038,0,1,1,6,0,58.14402264,0,51.53846154,0,19.44682855,0,-0.091255153,0,57,0,100,0,20,0,52,0,0,0,0,0,14,0,66.66666667,0,3,0,2,0,1,0,77.08333333,0,24.54305344,0,0.173878431,0,45.90426139,0,1.151251117,0,10,0,64,0,3.658108108,0,10.37878919,0,1.969544386,0,2.9,0,3.2,0,0.256772727,0,5.74965193,0,38.56278707,0,1.881274614,0,-0.165688767,0,3.100420778,0,0.212661915,0,0.046713439,0,0.00167124,0,0.000403076,0,0.000126277,0,6.03335E-05,0,0,0,36.01678744,0,6.5,0,18.56164384,0,51.17158276,0,10,0,64,0,90,0,1,0,6,0,732,0,19,0,5.538461538,0,0.00124313,0,0.000339921,0,0,0,17.13665944,0,0,0,0.061581834,0,2.349143756,1,8,0,0.629012499,0,0.070243928,0,0.674296732,0,46.0613039,0,0.077130662,0,55,0,2025
,,,,,,,,,,,,,,,,,,,,,,,,,,,,,,,,,,,,,,,,,,,,,,,,,,,,,,,,,,,,,,,,,,,,,,,,,,,,,,,,,,,,,,,,,,,,,,,,,,,,,,,,,,,,,,,,,,,,,,,,,,,,,,,,,,,,,,,,,,,,,,
Canada,CAN,81.85569454,80.41902612,0.238275722,0,4,0,8,0,25.90895573,0,70.27113238,0,46.03802,0,1.228585,0,21,0,0,0,20,0,35,0,13,0,0,0,14,0,66.66666667,0,3,0,4,0,1,0,66.66666667,0,24.54305344,0,3.648072428,0,50.14854087,0,4.845706971,0,10,0,80,0,1.34,0,1.850384685,0,5.243043843,0,4,0,4.3,0,0.211045455,0,17.50404493,0,45.29083466,0,1.362146699,0,-0.877176265,0,21.96007012,0,10.66127595,0,2.603005463,0,0.001392051,0,0.000299724,0,8.71932E-06,0,3.14585E-05,0,13.84985258,0,9.054695483,0,7.5,0,14.79074244,0,61.09273264,0,22,0,79,0,92,0,3,0,6,0,732,0,8,0,3.307692308,0,0.008079284,0,0.001194019,0,0.001968395,0,29.79777136,0,0.017580482,0,0.092257639,0,6.720097844,0,9,0,0.534853485,0,0.203824269,0,36.70630617,0,46.40137515,0,0.073627915,0,57.14285714,0,2025
,,,,,,,,,,,,,,,,,,,,,,,,,,,,,,,,,,,,,,,,,,,,,,,,,,,,,,,,,,,,,,,,,,,,,,,,,,,,,,,,,,,,,,,,,,,,,,,,,,,,,,,,,,,,,,,,,,,,,,,,,,,,,,,,,,,,,,,,,,,,,,
Chile,CHL,40.13311393,64.77720805,0.026627884,0,4,0,6.5,0,97.66716307,0,40,0,17.42094956,0,0.421144103,0,57,0,100,0,20,0,38,0,0,0,0,0,10.5,0,66.66666667,0,6,0,0,0,1,0,38.96103896,0,24.54305344,0,3.234688664,0,44.9892981,0,0.12238772,0,0,0,53,0,0.546351351,0,0,0,3.284053676,0,3,0,2.8,0,0.183954545,0,5.343190479,0,26.08434163,0,-2.89546026,0,0.28918239,0,0.140563507,0,0.152055906,0,0.012540241,0,9.34472E-06,0,1.35588E-07,0,0,0,0,0,0.002062455,0,-5.792605549,0,7.5,0,12.27671233,0,132.5876712,0,15,0,70,0,96,0,1,0,4.333333333,0,0,0,0,0,2.153846154,0,0.002569049,0,0.000566374,0,0,0,28.93674293,0,0,0,0.602801017,1,6.307692308,1,8.857142857,0,0.151680863,0,0.05070844,0,2.560570758,0,55.38183098,0,0.079777702,0,56.25,0,2025
,,,,,,,,,,,,,,,,,,,,,,,,,,,,,,,,,,,,,,,,,,,,,,,,,,,,,,,,,,,,,,,,,,,,,,,,,,,,,,,,,,,,,,,,,,,,,,,,,,,,,,,,,,,,,,,,,,,,,,,,,,,,,,,,,,,,,,,,,,,,,,
China,CHN,8.592479824,27.91944028,0.029709797,0,1,0,2,0,30.54136367,0,42.80112045,0,54.02397584,0,1.277514493,0,55.18958719,0,20.75948486,0,23.63851724,0,33.6206356,0,11.18740824,0,0,0,17.24218866,0,38.54189585,0,1,0,2,0,0,0,29.38596491,0,11.78470731,0,0.006738944,0,62.27897655,0,0.000219748,0,0,0,32,0,1.835720721,0,2.239963063,0,3.632467698,0,3.3,0,4,0,0.324227273,0,10.60926342,0,28.41827791,0,-0.459044902,0,-0.717693481,0,0.570187594,0,0.35656761,0,6.635839733,0,0.000723563,0,7.35106E-05,0,0.000627223,0,0,0,0.003890735,0,3.305670634,0,7.5,0,8.383561644,0,200.1297403,0,15,0,95,0,97,0,0,0,4.333333333,0,696.1734694,0,98,0,3.538461538,0,0.006871282,0,0.002253486,0,1.14206E-06,0,3.697048737,0,0,0,0.138150737,0,8.220261372,0,4,0,0.455474428,0,0.454834985,0,0.353572385,0,44.62696374,0,0.070148154,0,56.66666667,0,2025
,,,,,,,,,,,,,,,,,,,,,,,,,,,,,,,,,,,,,,,,,,,,,,,,,,,,,,,,,,,,,,,,,,,,,,,,,,,,,,,,,,,,,,,,,,,,,,,,,,,,,,,,,,,,,,,,,,,,,,,,,,,,,,,,,,,,,,,,,,,,,,
Czechia,CZE,64.77958904,84.42729112,0.119282453,0,4,0,8,0,81.35848282,0,92.30769231,0,28.83422,0,0.2322987,0,27,0,0,0,50,0,38,0,0,0,0,0,17.5,0,33.33333333,0,5,0,2,0,0,0,17.08333333,0,21,0,4.645307178,0,58.13514089,0,33.27914233,0,0,0,50,0,0.310306122,0,0.548090816,0,14.93355267,0,3,0,3,0,0.139761905,0,9.888500983,0,34.02685904,0,-0.521522257,0,1.147446979,0,0.127646307,0,0.032553355,0,3.55350159,0,0.000525371,0,0.000297882,0,0.000476731,0,0.001842098,0,10.31671469,0,0,0,8.5,0,17.60889047,0,27.74939043,0,10,0,90,0,94,0,1,0,6.333333333,0,556.0909091,0,11,0,5.538461538,0,0.004165923,0,0.00122159,0,0.005554816,0,29.0647482,0,0,0,0.553780121,0,5.097451282,0,9,0,0.592810489,0,0.156304679,0,14.64115214,0,52.38621672,0,0.071898628,0,40,0,2025
,,,,,,,,,,,,,,,,,,,,,,,,,,,,,,,,,,,,,,,,,,,,,,,,,,,,,,,,,,,,,,,,,,,,,,,,,,,,,,,,,,,,,,,,,,,,,,,,,,,,,,,,,,,,,,,,,,,,,,,,,,,,,,,,,,,,,,,,,,,,,,
Denmark,DNK,71.43409213,49.25513608,0.621670508,0,4,0,8,0,36.45762601,0,86.12244898,0,54.71326,0,1.741081,0,47,0,0,0,20,0,37,0,0,0,0,0,17.5,0,33.33333333,0,5,0,4,0,0,0,10.90909091,0,22,0,1.995972463,0,53.37682234,0,10.82705897,0,10,0,48,0,0.310306122,0,0.548090816,0,27.50049847,0,4.1,0,4.1,0,0.175363636,0,6.747010065,0,34.02685904,0,0.343645098,0,2.871653013,0,1.671810836,0,0.796203089,0,0,0,0.003071775,0,0.000398319,0,0,0,2.6396E-05,0,22.89459695,0,0.731610045,0,6.5,0,15.17828125,0,22.72453002,0,5,0,93,0,97,0,1,0,6.333333333,0,538.5,0,10,0,5.038461538,0,0.008577509,0,0.001936565,0,0.014062559,0,15.008726,0,0.014500472,0,0.13960688,0,2.689334568,0,9,0,0.809158141,0,0,0,7.069828146,0,54.19896205,0,0.062326184,0,40,0,2025
,,,,,,,,,,,,,,,,,,,,,,,,,,,,,,,,,,,,,,,,,,,,,,,,,,,,,,,,,,,,,,,,,,,,,,,,,,,,,,,,,,,,,,,,,,,,,,,,,,,,,,,,,,,,,,,,,,,,,,,,,,,,,,,,,,,,,,,,,,,,,,
Finland,FIN,85.62356243,85.85929265,0.355634226,0,4,0,8,0,57.75814852,0,79.42687747,0,57.86913,0,1.694143,0,40,0,0,0,20,0,37,0,0,0,0,0,14,0,33.33333333,0,5,0,4,0,0,0,28.18181818,0,20,0,1.608520321,0,44.52554745,0,15.70422594,0,10,0,85,0,0.310306122,0,0.548090816,0,9.127869988,0,4,0,4.2,0,0.222090909,0,7.411605951,0,34.02685904,0,2.513011185,0,2.462494468,0,0.460734037,0,0,0,0,0,0.003027174,0,0.000137174,0,0.000793728,0,4.72232E-05,0,55.70176433,0,41.22411006,1,9,0,12.0333283,0,8.254768667,0,21,0,92,0,91,0,2,0,6.333333333,0,490.125,0,8,0,5.269230769,0,0.009124309,0,0.031078447,0,0.017247162,0,6.216383947,0,0,0,0.054138892,0,2.424910723,0,8,0,0.759716927,0,0.017056707,0,15.37599196,0,46.042312,0,0.067211468,0,40,0,2025
,,,,,,,,,,,,,,,,,,,,,,,,,,,,,,,,,,,,,,,,,,,,,,,,,,,,,,,,,,,,,,,,,,,,,,,,,,,,,,,,,,,,,,,,,,,,,,,,,,,,,,,,,,,,,,,,,,,,,,,,,,,,,,,,,,,,,,,,,,,,,,
France,FRA,82.57413814,89.68067683,0.376189703,0,3,0,8,0,55.50522312,0,90.28340081,0,43.82855,0,1.363205,0,41,0,0,0,20,0,35,0,0,0,0,0,14,0,33.33333333,0,5,0,4,0,2,0,36.25,0,24.54305344,0,1.171272078,0,48.08571128,0,10.09369403,0,5,0,56,0,0.310306122,0,0.548090816,0,15.4056114,0,3.7,0,3.8,0,0.205545455,0,5.436475353,0,34.02685904,0,-0.898434934,0,1.596980665,0,0.239394833,0,0.000624476,0,0,0,0.006301748,0,0.001407911,0,2.87431E-05,0,0.000110454,0,31.92238258,0,0.899715612,0,7.5,0,24.1,0,25.48662871,0,25,0,93,0,96,0,1,0,6.333333333,0,611.0625,0,16,0,6,0,0.011121499,0,0.006607027,0,0.000812306,0,8.758568165,0,0.053145512,0,0.267148045,0,5.173674065,0,9,0,0.701334483,0,0.444749555,0,24.82977178,0,50.93561892,0,0.072336905,0,40,0,2025
,,,,,,,,,,,,,,,,,,,,,,,,,,,,,,,,,,,,,,,,,,,,,,,,,,,,,,,,,,,,,,,,,,,,,,,,,,,,,,,,,,,,,,,,,,,,,,,,,,,,,,,,,,,,,,,,,,,,,,,,,,,,,,,,,,,,,,,,,,,,,,
Germany,DEU,98.21571912,100,0.475975049,0,4,0,8,0,35.06663136,0,93.40814499,0,45.1205,0,1.487315,0,37,0,0,0,10,0,47,0,0,0,0,0,17.5,0,66.66666667,0,6,0,6,0,2,0,7.272727273,0,22.8,0,4.999837772,0,49.26121082,0,32.02678915,0,20,0,58,0,0.310306122,0,0.548090816,0,12.2388324,0,3.9,0,4.3,0,0.157409091,0,8.214857109,0,39.96542805,0,-0.139495689,0,1.82169541,0,0.340071384,0,0.098657304,0,1.728727412,0,0.001105433,0,0.001226714,0,0.000786759,0,0.000684961,0,31.13726001,0,5.429413966,0,8.5,0,13.3,0,39.84320722,0,15,0,93,0,91,0,2.5,0,6.333333333,0,583.1538462,0,13,0,5.076923077,0,0.008722739,0,0.004950396,0,0.00307978,0,8.729401561,0,0.024566596,0,0.247295933,0,4.558862252,0,9,0,0.902752069,0,0.359361037,0,19.22663529,0,45.94101565,0,0.065216133,0,40,0,2025
,,,,,,,,,,,,,,,,,,,,,,,,,,,,,,,,,,,,,,,,,,,,,,,,,,,,,,,,,,,,,,,,,,,,,,,,,,,,,,,,,,,,,,,,,,,,,,,,,,,,,,,,,,,,,,,,,,,,,,,,,,,,,,,,,,,,,,,,,,,,,,
Greece,GRC,49.75688106,70.30339364,0.142210657,0,4,0,8,0,98.2565587,0,40,1,13.71333,0,0.7577327,0,27,0,0,0,20,0,29,0,0,0,0,0,10.5,0,33.33333333,0,3,0,2,0,1,0,13.5,0,22,0,0.952636708,0,37.39557226,0,20.62103554,0,10,0,46,0,0.310306122,0,0.548090816,0,26.00486602,0,3.2,0,3.7,0,0.237590909,0,7.128492018,0,34.02685904,0,0.122961759,0,-0.639190949,0,0.214023547,0,0.000390698,0,0.519452015,0,0.007294999,0,0.001251172,0,0.001120761,0,0.014109873,0,17.01957453,0,13.49851296,0,9,0,28.5,0,113.4420462,0,10,0,83,0,99,0,0,0,5.333333333,0,455.5714286,0,7,0,3.230769231,0,0.009802049,0,0.006143368,0,0.010860036,0,16.03894911,0,0.048307128,0,0.190184678,0,4.051140967,0,7,0,0.642226535,0,0.148016295,0,2.77781591,0,53.09688258,0,0.068547494,0,40,0,2025
,,,,,,,,,,,,,,,,,,,,,,,,,,,,,,,,,,,,,,,,,,,,,,,,,,,,,,,,,,,,,,,,,,,,,,,,,,,,,,,,,,,,,,,,,,,,,,,,,,,,,,,,,,,,,,,,,,,,,,,,,,,,,,,,,,,,,,,,,,,,,,
Hungary,HUN,43.77087962,65.63475272,0.040739094,0,3,0,8,0,48.75278779,0,40,0,23.91409,0,0.9583077,0,67,0,0,0,50,0,42,0,0,0,0,0,17.5,0,33.33333333,0,3,0,2,0,0,0,39.54545455,0,9,0,0.799766471,0,44.63919011,0,7.136955017,0,0,0,43,0,0.310306122,0,0.548090816,0,25.74760481,0,2.7,0,3.1,0,0.237238095,0,5.763102905,0,34.02685904,0,0.189550161,0,1.781174802,0,0.640200628,0,0.33897596,0,0.265763303,0,0.000497025,0,0.000219778,0,0.000169561,0,0,0,12.35300103,0,0,0,8.5,0,14.54949803,0,68.26487228,0,5,0,99,0,99,0,0,0,5.333333333,0,624.5,0,18,0,6,0,0.002167264,0,0.002688559,0,0.040213544,0,13.45345345,0,0,0,0.036375824,0,2.271559745,0,8,0,0.497208294,0,0.103179156,0,21.37838177,0,51.53127247,0,0.076016195,0,40,0,2025
,,,,,,,,,,,,,,,,,,,,,,,,,,,,,,,,,,,,,,,,,,,,,,,,,,,,,,,,,,,,,,,,,,,,,,,,,,,,,,,,,,,,,,,,,,,,,,,,,,,,,,,,,,,,,,,,,,,,,,,,,,,,,,,,,,,,,,,,,,,,,,
India,IND,5.929061972,34.86498763,0.0366504,0,1,0,4,0,19.70442621,0,45.88235294,1,42.47238897,0,0.924091771,0,47,0,100,0,40,0,47,0,8,0,0,0,17.5,0,33.33333333,0,1,0,2,0,0,0,24.16666667,0,24.54305344,0,0.005157294,0,57.06827514,0,0.179057398,0,0,0,24,0,3.148063063,0,6.124612613,0,11.84848947,0,3,0,3.2,0,0.373863636,0,2.583247786,0,24.83674677,0,-0.021598024,0,-0.157501041,0,0.099831761,0,0.053546831,0,1.153174083,0,0.002632564,0,1.54443E-05,0,1.88493E-05,0,0,0,0,0,2.5092915,0,7.5,0,15.15342466,0,46.61725562,0,10,0,90,0,91,0,1,0,7,0,709.375,0,64,0,5.076923077,0,0.00063306,0,0.008203893,0,0,0,2.000116286,0,0.000852927,0,0.057049099,0,7.816605107,1,2,0,0.393184864,0,0.191274313,1,0.474936243,0,33.61487965,0,0.094813305,0,56.66666667,0,2025
,,,,,,,,,,,,,,,,,,,,,,,,,,,,,,,,,,,,,,,,,,,,,,,,,,,,,,,,,,,,,,,,,,,,,,,,,,,,,,,,,,,,,,,,,,,,,,,,,,,,,,,,,,,,,,,,,,,,,,,,,,,,,,,,,,,,,,,,,,,,,,
Indonesia,IDN,6.187283942,33.04086341,0.007583394,0,4,0,4,0,88.85396883,0,40,1,46.03876981,0,1.015667749,0,41,0,100,0,40,0,38,0,2,0,0,0,17.5,0,33.33333333,0,2,0,2,0,0,0,21.05263158,0,22,0,0.014112011,0,46.24821629,0,0.029716555,0,0,0,26,0,2.467747748,0,3.843481532,0,3.565323183,0,2.8,0,2.9,0,0.369954545,0,3.823541178,0,-12.67521032,0,1.664557774,0,0.030445687,0,0.47913714,0,0.47579003,0,5.272542145,0,0.005908432,0,0.000199178,0,0.003972726,0,0.00353456,0,0,0,0.051820946,0,6.5,0,12.52876712,0,47.23021924,0,24,0,62,0,83,0,1,0,6.166666667,0,732,0,25,0,0,0,0.000533912,0,0.009991666,0,0,0,5.810413926,0,0.001556833,0,0.602801017,1,8.220261372,1,5,0,0.195422729,0,0.191274313,1,0.203190023,0,45.65585515,0,0.106849776,0,62.5,0,2025
,,,,,,,,,,,,,,,,,,,,,,,,,,,,,,,,,,,,,,,,,,,,,,,,,,,,,,,,,,,,,,,,,,,,,,,,,,,,,,,,,,,,,,,,,,,,,,,,,,,,,,,,,,,,,,,,,,,,,,,,,,,,,,,,,,,,,,,,,,,,,,
Ireland,IRL,59.55971947,29.2030377,0.319431573,0,4,0,8,0,53.85730645,0,72.42555831,0,75.97244,0,1.932532,0,31,0,0,0,20,0,30,0,0,0,0,0,10.5,0,33.33333333,0,5,0,2,0,0,0,44.27128427,0,0,0,2.146158065,0,52.83224401,0,22.76641043,0,0,0,64,0,0.310306122,0,0.548090816,0,21.69377703,0,3.4,0,3.5,0,0.177590909,0,10.74046009,0,34.02685904,0,1.303741069,0,1.688770713,0,0.022410434,0,0.465578513,0,0,0,0.007955102,0,0.000903217,0,0.000355694,0,0.001889538,0,25.39302142,0,4.479576788,0,6.5,0,23.33850778,0,19.5228951,0,15,0,80.24032911,0,89,0,0,0,6.333333333,0,517,0,9,0,5.269230769,0,0.006800285,0,0.029596647,0,0.002887986,0,5.817162381,0,0,0,0.05371848,0,3.827154919,0,9,0,0.249354966,0,0.222995963,0,12.10261607,0,54.28403108,0,0.072097214,0,40,0,2025
,,,,,,,,,,,,,,,,,,,,,,,,,,,,,,,,,,,,,,,,,,,,,,,,,,,,,,,,,,,,,,,,,,,,,,,,,,,,,,,,,,,,,,,,,,,,,,,,,,,,,,,,,,,,,,,,,,,,,,,,,,,,,,,,,,,,,,,,,,,,,,
Italy,ITA,57.7547727,65.74432869,0.202391555,0,4,0,8,0,77.15330539,0,95.63506261,0,52.7464,0,1.571408,0,34,0,0,0,20,0,25,0,0,0,0,0,10.5,0,33.33333333,0,6,0,2,0,1,0,17.5,0,24.54305344,0,1.155302222,0,47.75464717,0,5.202405859,0,20,0,58,0,0.310306122,0,0.548090816,0,9.888352574,0,3.4,0,3.8,0,0.251136364,0,6.522872572,0,34.02685904,0,-0.218812689,0,1.631652941,0,0.382134034,0,0.100693284,0,0,0,0.008133504,0,0.004511586,0,0.000228431,0,0.004987916,0,10.22465651,0,8.246000111,0,8.5,0,24.26610242,0,113.3520673,0,15,0,85,0,95,0,0,0,6.333333333,0,618.1764706,0,17,0,5.5,0,0.009464748,0,0.0081408,0,0.008925675,0,5.185588282,0,0.025735065,0,0.20448195,0,5.306691632,0,9,0,0.490035466,0,0.146602157,0,7.783798201,0,54.50915923,0,0.06441101,0,40,0,2025
,,,,,,,,,,,,,,,,,,,,,,,,,,,,,,,,,,,,,,,,,,,,,,,,,,,,,,,,,,,,,,,,,,,,,,,,,,,,,,,,,,,,,,,,,,,,,,,,,,,,,,,,,,,,,,,,,,,,,,,,,,,,,,,,,,,,,,,,,,,,,,
Japan,JPN,57.8839918,64.55370796,0.366932968,0,2,0,8,0,15.91154953,0,80.99172259,0,30.47073,0,1.148339,0,21,0,100,0,20,0,44,0,5,0,0,0,17.5,0,33.33333333,0,5,0,4,0,0,0,56.83760684,0,24.54305344,0,0.796896386,0,34.55990235,0,0.179373602,0,10,0,47,0,0.691666667,0,1.351524775,0,10.35552645,0,3.9,0,4.2,0,0.158863636,0,8.577194295,0,27.39807012,0,-0.255484756,0,1.307316266,0,0.125961281,0,0.037969206,0,0.010024862,0,0.006022563,0,0.000120847,0,4.29784E-06,0,0,0,1.566621296,0,10.10265653,0,7.5,0,12.1260274,0,67.94347893,0,39,0,94,0,98,0,2,0,5,0,0,0,0,0,2.846153846,0,0.011716119,0,2.76127E-05,0,2.04563E-05,0,26.69902913,0,0.003238449,0,0.602801017,1,5.096153846,1,8.857142857,0,0.518787267,0,0.469505256,0,5.40654434,0,44.43095264,0,0.077506537,0,52.22222222,0,2025
,,,,,,,,,,,,,,,,,,,,,,,,,,,,,,,,,,,,,,,,,,,,,,,,,,,,,,,,,,,,,,,,,,,,,,,,,,,,,,,,,,,,,,,,,,,,,,,,,,,,,,,,,,,,,,,,,,,,,,,,,,,,,,,,,,,,,,,,,,,,,,
Luxembourg,LUX,79.71550654,49.47859923,0.933419708,0,3,0,8,0,31.25495249,0,59.35483871,0,58.79507,0,1.57782,0,63,0,0,0,20,0,65,0,0,0,0,0,14,0,33.33333333,0,5,0,2,0,0,0,16.66666667,0,0.3,0,6.236772648,0,48.86603464,0,15.39846646,0,0,0,64,0,0.310306122,0,0.548090816,0,18.55902308,0,3.6,0,3.6,0,0.178809524,0,11.85347733,0,34.02685904,0,-0.412943895,0,0.518875272,0,0,0,0,0,0,0,0.001578613,0,0.000522486,0,0,0,0,0,44.10743768,0,0,0,7.5,0,20.2,0,12.92308684,0,20,0,90,0,99,0,0,0,5.333333333,0,409.5,0,6,0,5.538461538,0,0.007911362,0,0.002143993,0,0.004151963,0,0,0,0,0,0.023590714,0,2.724223496,0,9,0,0.714161911,0,-0.006714946,0,48.48214344,0,51.83715273,0,0.069610737,0,40,0,2025
,,,,,,,,,,,,,,,,,,,,,,,,,,,,,,,,,,,,,,,,,,,,,,,,,,,,,,,,,,,,,,,,,,,,,,,,,,,,,,,,,,,,,,,,,,,,,,,,,,,,,,,,,,,,,,,,,,,,,,,,,,,,,,,,,,,,,,,,,,,,,,
Mexico,MEX,1.221119218,20.10536374,0.010454118,0,4,0,5,0,59.31046501,0,82.85714286,0,17.87239736,0,-0.227530167,0,51,0,100,0,20,0,42,0,0,0,0,0,23.5,0,33.33333333,0,4,0,2,0,0,0,54.02298851,0,0,0,0.120058424,0,46.50847161,0,3.074146299,0,0,0,51,0,2.290765766,0,4.815913964,0,3.092500697,0,2.5,0,2.8,0,0.330681818,0,6.063769704,0,18.824803,0,0.122120142,0,0.292567971,0,2.497424939,0,0.55112579,0,0.089685673,0,0.026430025,0,0.000889546,0,3.84336E-09,0,0.002053754,0,0.590723129,0,11.14889531,0,6.5,0,5.980821918,0,56.42690426,0,15,0,74,0,85,0,0,0,4.666666667,0,732,0,13,0,4,0,0.000909302,0,0.000117971,0,0,0,40.7079646,0,0,0,0.602801017,1,8.220261372,1,8.714285714,0,0.251749572,0,0.004060288,0,0.136944618,0,33.61487965,1,0.089306622,0,45,0,2025
,,,,,,,,,,,,,,,,,,,,,,,,,,,,,,,,,,,,,,,,,,,,,,,,,,,,,,,,,,,,,,,,,,,,,,,,,,,,,,,,,,,,,,,,,,,,,,,,,,,,,,,,,,,,,,,,,,,,,,,,,,,,,,,,,,,,,,,,,,,,,,
Netherlands,NLD,78.85594853,68.66691262,0.467574523,0,4,0,8,0,41.16811511,0,69.74085366,0,60.02886,0,1.288154,0,57.08581581,0,1.223907753,0,20.41020169,0,44.33934551,0,0.436446125,0,0,0,26.59078848,0,33.66958697,0,5,0,4,0,1,0,10,0,4.963516515,0,2.776675449,0,52.25126694,0,14.28949646,0,20,0,57,0,0.310306122,0,0.548090816,0,4.273403676,0,3.9,0,4.2,0,0.132681818,0,8.153706775,0,34.02685904,0,0.369152627,0,1.358292071,0,0.730943752,0,1.233824159,0,0,0,0.000976901,0,0.006814263,0,0.000244502,0,0.005207916,0,15.9200933,0,-1.164557657,0,8.5,0,9.6,0,24.89529188,0,15,0,81,0,92,0,2,0,5.333333333,0,593.7857143,0,14,0,6,0,0.007812007,0,0.00132798,0,0.005286794,0,14.01869159,0,0.090680883,0,0.140612015,0,5.018064687,0,9,0,0.660094374,0,0.305444906,0,3.200555054,0,54.79544029,0,0.064016535,0,40,0,2025
,,,,,,,,,,,,,,,,,,,,,,,,,,,,,,,,,,,,,,,,,,,,,,,,,,,,,,,,,,,,,,,,,,,,,,,,,,,,,,,,,,,,,,,,,,,,,,,,,,,,,,,,,,,,,,,,,,,,,,,,,,,,,,,,,,,,,,,,,,,,,,
New Zealand,NZL,68.14962821,68.91128291,0.271374581,0,4,0,8,0,12.03876426,0,74.19354839,0,29.47577,0,0.6511476,0,21,0,100,0,50,0,38,0,1,0,0,0,14,0,66.66666667,0,3,0,2,0,1,0,62.5,0,24.54305344,0,2.971426534,0,49.11534306,0,0.360896785,0,5,0,77,0,0.173333333,0,0,0,0.47208037,0,3.4,0,3.8,0,0.200454545,0,14.56310065,0,40.78075982,0,-1.781458559,0,1.255282024,0,0.575549407,0,1.619870193,0,1.121988605,0,0.00110507,0,0,0,0,0,0,0,0.286421879,0,-6.055975503,0,7.5,0,23.85205479,0,18.54252077,0,25,0,84,0,88,0,2,0,3.333333333,0,0,0,0,0,3.076923077,0,0.008216641,0,0.001879741,0,0.005503224,0,24.26035503,0,0,0,0.002400439,0,2.11758842,0,9,0,0.47606226,0,0.135858201,0,19.57726064,0,52.61848542,0,0.077881914,0,58.33333333,0,2025
,,,,,,,,,,,,,,,,,,,,,,,,,,,,,,,,,,,,,,,,,,,,,,,,,,,,,,,,,,,,,,,,,,,,,,,,,,,,,,,,,,,,,,,,,,,,,,,,,,,,,,,,,,,,,,,,,,,,,,,,,,,,,,,,,,,,,,,,,,,,,,
Norway,NOR,91.87047403,46.6764961,0.900141419,0,4,0,8,0,22.7374479,0,56.84125705,0,51.24789,0,1.145168,0,7,0,0,0,40,0,28,0,1,0,0,0,17.5,0,66.66666667,0,5,0,6,0,2,0,44.79166667,0,22,0,2.670998836,0,53.09134136,0,19.39581063,0,20,0,69,0,0.939009009,0,1.543154054,0,56.49756458,0,3.8,0,3.9,0,0.239181818,0,8.628057064,0,53.4011451,0,-2.680328843,0,0.672634552,0,56.08203648,0,48.54560475,0,0.057659255,0,0.000540025,0,4.30075E-05,0,1.13399E-05,0,0,0,45.98540649,0,-1.091848778,0,7.5,0,11.82036964,0,6.098404803,0,20,0,94,0,96,0,1,0,6.333333333,0,162,0,4,0,5.538461538,0,0.008688111,0,0.005924394,0,0.001750061,0,22.36065574,0,0.032730132,0,0.163142147,0,2.923957023,0,9,0,0.697922077,0,0.15208538,0,6.933200812,0,50.38540414,0,0.072339879,0,54.28571429,0,2025
,,,,,,,,,,,,,,,,,,,,,,,,,,,,,,,,,,,,,,,,,,,,,,,,,,,,,,,,,,,,,,,,,,,,,,,,,,,,,,,,,,,,,,,,,,,,,,,,,,,,,,,,,,,,,,,,,,,,,,,,,,,,,,,,,,,,,,,,,,,,,,
Poland,POL,39.33508999,59.91368993,0.17680177,0,3,0,8,0,71.51430753,0,40,1,14.25806,0,-0.478759,0,47,0,0,0,40,0,49,0,0,0,0,0,17.5,0,33.33333333,0,6,0,2,0,0,0,23.75,0,19,0,1.188646831,0,37.26188452,0,26.71312918,0,0,0,40,0,0.310306122,0,0.548090816,0,18.90107841,0,3.4,0,3.5,0,0.257090909,0,9.534004538,0,34.02685904,0,-0.476399717,0,-0.368577148,0,0.140135784,0,0.230493221,0,3.846136067,0,0.006196122,0,0.002972154,0,0.007552396,0,0,0,13.48198795,0,41.22411006,0,8.5,0,24.35704288,0,70.58602371,0,0,0,86,0,94,0,0,0,6.333333333,0,667.5,0,24,0,4.384615385,0,0.002100789,0,0.005961728,0,0.012298172,0,9.154351396,0,0,0,0.175622161,0,6.394646467,0,8,0,0.50240864,0,0.295851741,0,11.07376823,0,46.56600912,0,0.074126759,0,40,0,2025
,,,,,,,,,,,,,,,,,,,,,,,,,,,,,,,,,,,,,,,,,,,,,,,,,,,,,,,,,,,,,,,,,,,,,,,,,,,,,,,,,,,,,,,,,,,,,,,,,,,,,,,,,,,,,,,,,,,,,,,,,,,,,,,,,,,,,,,,,,,,,,
Portugal,PRT,76.13565095,99.67006641,0.214995416,0,4,0,8,0,77.47894604,0,90.90909091,0,53.14912,0,1.529113,0,44,0,0,0,50,0,33,0,0,0,0,0,10.5,0,66.66666667,0,4,0,2,0,1,0,7.692307692,0,24.54305344,0,2.363445653,0,44.68238271,0,6.163067463,0,30,0,81,0,0.310306122,0,0.548090816,0,17.33946155,0,3.2,0,3.6,0,0.155,0,5.059607263,0,34.02685904,0,0.028754594,0,0.863248454,0,0.178670357,0,0,0,0,0,0.007020017,0,0.00192457,0,6.35237E-05,0,0.000300699,0,23.47673446,0,2.494791754,0,8.5,0,18.17221135,0,61.54169501,0,10,0,95,0,99,0,0,0,5.333333333,0,490.125,0,8,0,5.769230769,0,0.008147397,0,0.013326812,0,0.001794764,0,8.263292931,0,0.046596054,0,0.207027686,0,3.150691574,0,9,0,0.572868549,0,0.380633759,0,35.70497744,0,51.71888773,0,0.075519719,0,40,0,2025
,,,,,,,,,,,,,,,,,,,,,,,,,,,,,,,,,,,,,,,,,,,,,,,,,,,,,,,,,,,,,,,,,,,,,,,,,,,,,,,,,,,,,,,,,,,,,,,,,,,,,,,,,,,,,,,,,,,,,,,,,,,,,,,,,,,,,,,,,,,,,,
Saudi Arabia,SAU,12.67982425,15.54187662,0.468056434,0,4,0,8,0,6.781374586,0,53.74384236,0,51.26628,0,2.539138,0,27,0,100,0,60,0,30,0,4,0,0,0,20.5,0,33.33333333,0,0,0,0,0,0,0,0,0,20,0,3.031260705,0,22.26458931,0,0.014670386,0,0,0,10,0,1.866711712,0,0.291191892,0,12.62542241,1,3,0,3.6,0,0.223376933,1,22.11590615,0,29.27483081,0,0,0,-0.257539033,0,51.16998232,0,7.979145222,0,0,0,0.026430025,1,0.010981633,1,0.007552396,1,0.014109873,1,0,0,41.22411006,1,6.5,0,27.4739726,0,49.81376605,0,35,0,96,0,97,0,2,0,7,0,732,0,14,0,5.769230769,0,0.006625389,0,0,0,0,0,0,0,0.012097991,0,0.602801017,1,6.423076923,1,2.571428571,0,0.21513822,0,0.191274313,1,19.91187634,0,37.42947868,0,0.156701591,0,50.40843215,0,2025
,,,,,,,,,,,,,,,,,,,,,,,,,,,,,,,,,,,,,,,,,,,,,,,,,,,,,,,,,,,,,,,,,,,,,,,,,,,,,,,,,,,,,,,,,,,,,,,,,,,,,,,,,,,,,,,,,,,,,,,,,,,,,,,,,,,,,,,,,,,,,,
Slovak Republic,SVK,57.30347699,79.47800892,0.134990568,0,3,0,8,0,87.47117047,0,62.5,0,17.12451,0,-0.1196612,0,57,0,0,0,50,0,50,0,0,0,0,0,14,0,33.33333333,0,3,0,2,0,0,0,30.90909091,0,21,0,0.024025427,0,42.42424242,0,22.86934697,0,0,0,39,0,0.310306122,0,0.548090816,0,20.62206154,0,3.2,0,3.3,0,0.193666667,0,6.638539344,0,34.02685904,0,-0.190329793,0,1.118580833,0,0.267003533,0,0.018754182,0,0.132532155,0,0,0,0.010981633,0,0.001445403,0,0.003132291,0,20.9804332,0,0,0,9,0,20.1,0,25.75201984,0,20,0,95,0,96,0,1,0,4.333333333,0,490.125,0,8,0,5.307692308,0,0.004668229,0,0.042991714,0,0.004106632,0,11.63959136,0,0,0,0.125752728,0,2.72545462,0,9,0,0.334422688,0,0.131464597,0,15.3231966,0,48.41971593,0,0.076189218,0,40,0,2025
,,,,,,,,,,,,,,,,,,,,,,,,,,,,,,,,,,,,,,,,,,,,,,,,,,,,,,,,,,,,,,,,,,,,,,,,,,,,,,,,,,,,,,,,,,,,,,,,,,,,,,,,,,,,,,,,,,,,,,,,,,,,,,,,,,,,,,,,,,,,,,
South Africa,ZAF,37.00041231,69.69506054,0.019570847,0,1,1,6.5,0,61.92459814,0,40,1,68.14847906,0,2.000400298,0,40,0,100,0,20,0,57,0,1,0,0,0,20.5,0,33.33333333,0,0,0,2,0,1,0,9.285714286,0,24.54305344,0,0.555124928,0,41.87833986,0,1.091542442,0,0,0,48,0,2.678027523,0,6.152922936,0,0.692804294,0,3.3,0,3.6,0,0.245409091,0,7.686556957,0,24.99827606,0,0.106618021,0,-2.021638765,0,0.261725758,0,0.002289415,0,8.371089698,0,0.00753698,0,4.0022E-08,0,0.002077226,0,0.001280878,0,0.262029399,0,41.22411006,1,7.5,0,50.92668958,0,49.03754725,0,23,0,84,0,79,0,3,0,7,0,732,0,5,0,1.692307692,0,0.000849745,0,0.023144885,0,0.001752541,0,19.02695295,0,0,0,0.085254119,0,4.251114325,0,9,0,0.317080217,0,0.028858334,0,14.47149221,0,46.86755248,0,0.139882416,0,56.66666667,0,2025
,,,,,,,,,,,,,,,,,,,,,,,,,,,,,,,,,,,,,,,,,,,,,,,,,,,,,,,,,,,,,,,,,,,,,,,,,,,,,,,,,,,,,,,,,,,,,,,,,,,,,,,,,,,,,,,,,,,,,,,,,,,,,,,,,,,,,,,,,,,,,,
South Korea,KOR,48.53458092,56.59990099,0.195285369,0,2,0,8,0,20.43135289,0,92.27714066,0,36.0333,0,1.205809,0,37,0,100,0,20,0,34,0,1,0,0,0,14,0,66.66666667,0,4,0,2,0,0,0,38.88888889,0,24.54305344,0,1.263919625,0,44.3276151,0,0.080289881,0,10,0,56,0,4.082432432,0,4.286638288,0,7.310666154,0,3.9,0,4.1,0,0.315590909,0,12.63799151,0,38.41400168,0,-0.883900537,0,1.41308287,0,0.322100525,0,0,0,0.034047028,0,0.004127911,0,1.34778E-05,0,8.09375E-05,0,1.01144E-05,0,0.098792628,0,0.868386952,0,7.5,0,20.18522141,0,169.5950971,0,39,0,96,0,98,0,1,0,6.333333333,0,412.8,0,5,0,1.923076923,0,0.009579683,0,0.005401284,0,0,0,5.865069068,0,0.002656638,0,0.602801017,0,4.562853865,1,6.571428571,0,1.194475066,0,0.556558869,0,6.657643547,0,57.04737184,0,0.09227105,0,56.66666667,0,2025
,,,,,,,,,,,,,,,,,,,,,,,,,,,,,,,,,,,,,,,,,,,,,,,,,,,,,,,,,,,,,,,,,,,,,,,,,,,,,,,,,,,,,,,,,,,,,,,,,,,,,,,,,,,,,,,,,,,,,,,,,,,,,,,,,,,,,,,,,,,,,,
Spain,ESP,69.44877572,85.06248107,0.217379232,0,4,0,8,0,71.78708434,0,91.72676282,0,35.27342,0,1.075759,0,37,0,0,0,20,0,16,0,0,0,0,0,3.5,0,33.33333333,0,5,0,2,0,1,0,9.090909091,0,24.54305344,0,3.619650839,0,50.57832667,0,8.749168268,0,20,0,60,0,0.310306122,0,0.548090816,0,16.72814106,0,3.6,0,3.8,0,0.138227273,0,5.742870581,0,34.02685904,0,-0.283526924,0,0.866939813,0,0.243213921,0,0.001609465,0,0,0,0.004364998,0,0.00171996,0,0.000146191,0,0.000476745,0,14.96432593,0,0.328271667,0,8.5,0,24.08928652,0,125.5676016,0,25,0,92,0,93,0,1,0,5.333333333,0,583.1538462,0,13,0,5.538461538,0,0.00862583,0,0.008739558,0,0.001072176,0,7.781613761,0,0.056443669,0,0.280200329,0,4.051352168,0,9,0,0.538601479,0,0.232610637,0,4.954082796,0,54.13950393,0,0.06629089,0,40,0,2025
,,,,,,,,,,,,,,,,,,,,,,,,,,,,,,,,,,,,,,,,,,,,,,,,,,,,,,,,,,,,,,,,,,,,,,,,,,,,,,,,,,,,,,,,,,,,,,,,,,,,,,,,,,,,,,,,,,,,,,,,,,,,,,,,,,,,,,,,,,,,,,
Sweden,SWE,100,96.84785829,0.726313375,0,4,0,8,0,35.59718182,0,69.10820158,0,63.74599,0,1.840544,0,14,0,0,0,20,0,29,0,0,0,0,0,7,0,33.33333333,0,6,0,4,0,1,0,12.37113402,0,20.6,0,1.86398336,0,47.4911285,0,21.18361921,0,20,0,86,0,0.310306122,0,0.548090816,0,12.56250538,0,4,0,4.2,0,0.218454545,0,4.133227392,0,34.02685904,0,-1.072679069,0,2.812519928,0,0.193937498,0,0,0,0,0,0.004947319,0,0.00047852,0,0.000739784,0,0,0,72.57354984,0,5.179552473,0,8,0,9.482502231,0,6.019522977,0,20,0,92,0,94,0,1,0,6.333333333,0,490.125,0,8,0,5.769230769,0,0.009402141,0,0.016052917,0,0.0104925,0,14.70897879,0,0.010025087,0,0.29385425,0,3.519382283,0,9,0,0.763090322,0,0.218932174,0,9.273254598,0,52.02717338,0,0.067513842,0,40,0,2025
,,,,,,,,,,,,,,,,,,,,,,,,,,,,,,,,,,,,,,,,,,,,,,,,,,,,,,,,,,,,,,,,,,,,,,,,,,,,,,,,,,,,,,,,,,,,,,,,,,,,,,,,,,,,,,,,,,,,,,,,,,,,,,,,,,,,,,,,,,,,,,
Switzerland,CHE,79.98899548,39.34097629,0.353830898,0,4,0,8,0,30.50283551,0,85.67275748,0,51.86351,0,1.446646,0,60,0,0,0,20,0,35,0,0,0,0,0,23.5,0,33.33333333,0,6,0,4,0,3,0,25,0,2.6,0,1.979883477,0,45.06171699,0,21.82965457,0,0,0,50,0,0.756968326,0,1.077077376,0,28.41223847,0,4.1,0,4.4,0,0.249857143,0,4.655333939,0,40.96997146,0,-0.195434487,0,9.325714789,0,0.02123321,0,0,0,0,0,0.002476604,0,0.000159456,0,5.72001E-05,0,0,0,29.1359141,0,0,0,9,0,10.42216722,0,22.30129823,0,31,0,91,0,95,0,2,0,6.333333333,0,0,0,0,0,0,0,0.008562278,0,0.001692061,0,0.011561442,0,10.53719008,0,0,0,0.098277436,0,2.672414451,0,9,0,0.900853007,0,-0.022144405,0,14.72252589,0,50.09291574,0,0.067667371,0,54.28571429,0,2025
,,,,,,,,,,,,,,,,,,,,,,,,,,,,,,,,,,,,,,,,,,,,,,,,,,,,,,,,,,,,,,,,,,,,,,,,,,,,,,,,,,,,,,,,,,,,,,,,,,,,,,,,,,,,,,,,,,,,,,,,,,,,,,,,,,,,,,,,,,,,,,
Türkiye,TUR,23.33467802,47.77929565,0.224348231,0,1,1,8,0,3.944331614,0,40,1,49.02677,0,3.403755,0,47,0,100,0,50,0,41,0,10,0,0,0,7,0,33.33333333,0,3,0,2,0,0,0,25.41666667,0,24.54305344,0,1.047043197,0,48.61188611,0,36.9015809,0,10,0,43,0,2.782747748,0,3.754507207,0,2.8534248,0,3,0,3.4,0,0.296363636,0,6.405348009,0,-11.29992705,0,-0.335731643,0,-0.360469421,0,0.174224184,0,0.020326191,0,0.727155,0,0.001036313,0,5.87327E-05,0,0.000201536,0,0.000168899,0,0,0,4.245502885,0,5.5,0,45.64931507,0,46.58048152,0,15,0,94,0,99,0,2,0,5.333333333,0,724.2653061,0,49,0,5.538461538,0,0.000994343,0,0.000927075,0,0.003348714,0,7.933579336,0,0.0151559,0,0.444682278,0,7.26595488,1,4.571428571,0,0.47564284,0,0.045340307,0,11.43745465,0,36.93771591,0,0.096222488,0,51.42857143,0,2025
,,,,,,,,,,,,,,,,,,,,,,,,,,,,,,,,,,,,,,,,,,,,,,,,,,,,,,,,,,,,,,,,,,,,,,,,,,,,,,,,,,,,,,,,,,,,,,,,,,,,,,,,,,,,,,,,,,,,,,,,,,,,,,,,,,,,,,,,,,,,,,
UAE,ARE,30.24245121,21.12157004,0.38025037,0,4,0,8,0,2.661986147,0,61.95121951,0,49.38553,0,2.039683,0,47,0,100,0,80,0,37,0,25,0,0,0,20.5,0,33.33333333,0,0,0,2,0,0,0,31.77570093,0,9,0,6.086265817,0,33.91630414,0,0.134970775,0,10,0,30,0,1.357252252,0,0.256646396,0,12.62542241,1,3.7,0,4.1,0,0.223376933,1,23.08342787,0,44.01707915,0,0,0,0.389966623,0,60.70657163,0,11.65406351,0,0,0,0.026430025,1,0.010981633,1,0.007552396,1,0.014109873,1,0,0,41.22411006,1,6.5,0,31.40547945,0,48.6743904,0,27,0,94,0,96,0,1,0,7,0,0,0,0,0,2.153846154,0,0.007363034,0,0,0,0,0,0,0,0,0,0.602801017,1,4.490037657,1,4.428571429,0,0.151680863,1,0.191274313,1,72.91551038,0,33.61487965,1,0.112360429,0,54,0,2025
,,,,,,,,,,,,,,,,,,,,,,,,,,,,,,,,,,,,,,,,,,,,,,,,,,,,,,,,,,,,,,,,,,,,,,,,,,,,,,,,,,,,,,,,,,,,,,,,,,,,,,,,,,,,,,,,,,,,,,,,,,,,,,,,,,,,,,,,,,,,,,
United Kingdom,GBR,84.15844176,89.26572929,0.368595305,0,4,0,8,0,26.9360232,0,79.17956656,0,56.21261,0,1.87769,0,37.9090003,0,12.23987331,0,35.70618985,0,20.19903193,0,1.868800389,0,0,0,10.47838436,0,35.55666645,0,6,0,6,0,2,0,15.71428571,0,13.07335753,0,0.875918751,0,51.6765286,0,7.063350402,0,15,0,56,0,0.204279279,0,0.365043243,0,9.525865064,0,3.5,0,3.7,0,0.135954545,0,5.701967228,0,40.9058084,0,0.185643911,0,2.427725387,0,1.785193056,0,1.122567245,0,0.021201176,0,0.002201953,0,0.005718694,0,4.8876E-05,0,0.001489789,0,16.00979168,0,2.393086805,0,8.5,0,19.64520879,0,21.24915082,0,25,0,85,0,92,0,1,0,6.333333333,0,732,0,16,0,6,0,0.010564799,0,0.007594171,0,0.002015223,0,8.221621897,0,0.082751302,0,0.181664551,0,4.793055761,0,9,0,0.514993065,0,0.339110528,0,33.57877029,0,51.38362292,0,0.079055107,0,38.75,0,2025
,,,,,,,,,,,,,,,,,,,,,,,,,,,,,,,,,,,,,,,,,,,,,,,,,,,,,,,,,,,,,,,,,,,,,,,,,,,,,,,,,,,,,,,,,,,,,,,,,,,,,,,,,,,,,,,,,,,,,,,,,,,,,,,,,,,,,,,,,,,,,,
United States,USA,37.15029614,0,0.176211015,0,2,0,8,0,13.73988974,0,84.9667255,0,48.87945,0,1.172509,0,31.00198449,0,100,0,20.02611269,0,36,0,100,0,100,0,26.50744183,0,33.32242864,0,5,0,4,0,3,0,40.55555556,0,21,0,0.658707019,0,54.52404183,0,1.299831708,0,0,0,73,0,0.695630631,0,0.694553153,0,6.326034556,0,3.7,0,3.9,0,0.207681818,0,18.49691516,0,45.17018929,0,-0.655265985,0,1.612231572,0,10.00279881,0,6.936951811,0,3.323190036,0,0.000278931,0,8.30267E-05,0,5.68399E-05,0,2.83081E-05,0,1.267602686,0,1.560186599,0,4.5,0,22.75890411,0,44.94269291,0,38,0,95,0,94,0,2,0,3,0,705.6538462,0,52,0,0,0,0.006347708,0,8.81017E-05,0,0.003708182,0,9.655172414,0,0.191675268,0,0.23070995,0,2.934834125,0,4,0,0.653869708,0,0.072392702,0,8.655025803,0,45.43897204,0,0.085228137,0,38,0,2025
